Category,total_sales,total_profit,avg_profit_margin,profit_margin_pct
Furniture,741999.7953,18451.2728,0.0387835332152663,3.87835332152663
Office Supplies,719047.032,122490.8008,0.1380302946491131,13.80302946491131
Technology,836154.033,145454.9481,0.15613805312776619,15.613805312776618
